{"IcoMoonType":"selection","icons":[{"icon":{"paths":["M320 192c0-106.039 85.961-192 192-192s192 85.961 192 192c0 106.039-85.961 192-192 192s-192-85.961-192-192zM768.078 448h-35.424l-199.104 404.244 74.45-372.244-96-96-96 96 74.45 372.244-199.102-404.244h-35.424c-127.924 0-127.924 85.986-127.924 192v320h768v-320c0-106.014 0-192-127.922-192z"],"tags":["user-tie","user","user-employee","profile","avatar","person","member","job","official"],"defaultCode":59766,"grid":16,"attrs":[]},"attrs":[],"properties":{"ligatures":"user-tie, user5","name":"user-tie","order":2,"id":119,"prevSize":32,"code":59766},"setIdx":0,"setId":1,"iconIdx":118}],"height":1024,"metadata":{"name":"icomoon"},"preferences":{"showGlyphs":true,"showQuickUse":true,"showQuickUse2":true,"showSVGs":true,"fontPref":{"prefix":"icon-","metadata":{"fontFamily":"icomoon"},"metrics":{"emSize":1024,"baseline":6.25,"whitespace":50},"embed":false},"imagePref":{"prefix":"icon-","png":true,"useClassSelector":true,"color":0,"bgColor":16777215,"classSelector":".icon"},"historySize":50,"showCodes":true,"gridSize":16}}